aluguel,area_quarto,zona
21.000,265 m² construídos3 quartos,sul
2.000,45 m² construídos1 quarto,sul
1.499,45 m² construídos1 quarto,sul
4.500,112 m² construídos3 quartos,sul
4.500,125 m² construídos3 quartos,sul
4.500,98 m² construídos3 quartos,sul
4.500,66 m² construídos2 quartos,sul
4.500,70 m² construídos2 quartos,sul
4.500,95 m² construídos3 quartos,sul
4.500,110 m² construídos3 quartos,sul
4.500,40 m² construídos1 quarto,sul
4.500,70 m² construídos2 quartos,sul
1.300,110 m² construídos4 quartos,sul
6.500,147 m² construídos3 quartos,sul
1.050,50 m² construídos2 quartos,sul
1.400,52 m² construídos2 quartos,sul
4.500,54 m² construídos2 quartos,sul
1.580,100 m² construídos2 quartos,sul
1.238,65 m² construídos2 quartos,sul
1.450,58 m² construídos2 quartos,sul
3.000,52 m² construídos2 quartos,sul
1.678,64 m² construídos2 quartos,sul
660,30 m² construídos1 quarto,sul
2.500,80 m² construídos3 quartos,sul
1.771,118 m² construídos2 quartos,sul
1.000,40 m² construídos2 quartos,sul
1.600,80 m² construídos2 quartos,sul
1.100,60 m² construídos2 quartos,sul
4.000,53 m² construídos2 quartos,sul
1.451,40 m² construídos1 quarto,sul
1.898,32 m² construídos1 quarto,sul
1.779,35 m² construídos1 quarto,sul
1.400,55 m² construídos2 quartos,sul
2.410,66 m² construídos2 quartos,sul
3.300,55 m² construídos1 quarto,sul
1.200,47 m² construídos2 quartos,sul
2.500,100 m² construídos3 quartos,sul
2.800,81 m² construídos2 quartos,sul
1.500,100 m² construídos1 quarto,sul
1.300,53 m² construídos2 quartos,sul
1.600,100 m² construídos2 quartos,sul
1.898,55 m² construídos2 quartos,sul
1.498,43 m² construídos1 quarto,sul
1.930,200 m² construídos3 quartos,sul
13.500,355 m² construídos3 quartos,sul
1.600,65 m² construídos3 quartos,sul
3.300,80 m² construídos2 quartos,sul
2.350,48 m² construídos2 quartos,sul
2.000,53 m² construídos2 quartos,sul
1.950,70 m² construídos2 quartos,sul
1.700,50 m² construídos2 quartos,sul
2.450,70 m² construídos3 quartos,sul
4.000,50 m² construídos1 quarto,sul
1.950,35 m² construídos1 quarto,sul
1.200,32 m² construídos1 quarto,sul
2.713,68 m² construídos2 quartos,sul
1.923,59 m² construídos2 quartos,sul
1.100,59 m² construídos1 quarto,sul
1.000,55 m² construídos2 quartos,sul
3.500,142 m² construídos3 quartos,sul
2.000,35 m² construídos1 quarto,sul
2.561,55 m² construídos2 quartos,sul
1.200,34 m² construídos1 quarto,sul
2.310,76 m² construídos3 quartos,sul
1.600,40 m² construídos1 quarto,sul
2.864,84 m² construídos2 quartos,sul
1.190,41 m² construídos1 quarto,sul
4.500,31 m² construídos1 quarto,sul
2.700,88 m² construídos2 quartos,sul
3.500,78 m² construídos2 quartos,sul
3.500,55 m² construídos2 quartos,sul
1.500,65 m² construídos2 quartos,sul
1.200,30 m² construídos1 quarto,sul
1.500,49 m² construídos2 quartos,sul
2.798,60 m² construídos2 quartos,sul
1.950,70 m² construídos2 quartos,sul
4.300,150 m² construídos2 quartos,sul
4.200,100 m² construídos3 quartos,sul
13.500,170 m² construídos3 quartos,sul
5.300,60 m² construídos2 quartos,sul
1.100,35 m² construídos2 quartos,sul
4.150,53 m² construídos1 quarto,sul
6.000,93 m² construídos2 quartos,sul
2.600,46 m² construídos2 quartos,sul
3.300,43 m² construídos1 quarto,sul
3.600,60 m² construídos2 quartos,sul
1.800,94 m² construídos1 quarto,sul
4.120,69 m² construídos2 quartos,sul
3.822,80 m² construídos2 quartos,sul
4.000,70 m² construídos2 quartos,sul
2.300,70 m² construídos3 quartos,sul
780,32 m² construídos1 quarto,sul
3.200,36 m² construídos1 quarto,sul
1.800,100 m² construídos2 quartos,sul
4.900,87 m² construídos3 quartos,sul
2.000,76 m² construídos2 quartos,sul
1.200,50 m² construídos1 quarto,sul
3.800,83 m² construídos2 quartos,sul
1.200,50 m² construídos1 quarto,sul
3.800,83 m² construídos2 quartos,sul
1.858,49 m² construídos2 quartos,sul
3.800,114 m² construídos2 quartos,sul
3.800,84 m² construídos2 quartos,sul
2.800,43 m² construídos1 quarto,sul
1.600,47 m² construídos2 quartos,sul
1.500,30 m² construídos1 quarto,sul
1.400,38 m² construídos2 quartos,sul
1.600,47 m² construídos2 quartos,sul
2.990,33 m² construídos1 quarto,sul
2.650,67 m² construídos2 quartos,sul
2.600,94 m² construídos2 quartos,sul
2.075,77 m² construídos3 quartos,sul
3.070,45 m² construídos1 quarto,sul
2.950,100 m² construídos3 quartos,sul
1.200,26 m² construídos1 quarto,sul
2.200,76 m² construídos2 quartos,sul
1.100,20 m² construídos1 quarto,sul
2.000,55 m² construídos2 quartos,sul
1.200,35 m² construídos2 quartos,sul
2.400,67 m² construídos2 quartos,sul
6.510,82 m² construídos2 quartos,sul
2.500,38 m² construídos1 quarto,sul
2.180,80 m² construídos2 quartos,sul
3.400,98 m² construídos4 quartos,sul
1.930,68 m² construídos3 quartos,sul
7.000,185 m² construídos3 quartos,sul
4.000,232 m² construídos3 quartos,sul
4.250,90 m² construídos2 quartos,sul
5.500,55 m² construídos2 quartos,sul
1.600,50 m² construídos2 quartos,sul
2.500,44 m² construídos1 quarto,sul
3.310,68 m² construídos1 quarto,sul
4.150,125 m² construídos3 quartos,sul
1.830,80 m² construídos3 quartos,sul
3.500,115 m² construídos3 quartos,sul
5.200,130 m² construídos3 quartos,sul
3.500,70 m² construídos2 quartos,sul
10.000,110 m² construídos2 quartos,sul
1.700,57 m² construídos1 quarto,sul
2.500,28 m² construídos1 quarto,sul
3.500,70 m² construídos2 quartos,sul
3.500,75 m² construídos1 quarto,sul
2.200,82 m² construídos2 quartos,sul
3.980,60 m² construídos2 quartos,sul
2.420,35 m² construídos1 quarto,sul
7.500,92 m² construídos2 quartos,sul
3.950,85 m² construídos2 quartos,sul
2.000,35 m² construídos1 quarto,sul
2.800,78 m² construídos2 quartos,sul
3.160,110 m² construídos1 quarto,sul
1.900,66 m² construídos3 quartos,sul
2.126,68 m² construídos2 quartos,sul
3.350,26 m² construídos1 quarto,sul
800,32 m² construídos1 quarto,sul
2.400,60 m² construídos2 quartos,sul
1.000,55 m² construídos2 quartos,sul
7.000,73 m² construídos2 quartos,sul
2.298,33 m² construídos1 quarto,sul
2.670,102 m² construídos2 quartos,sul
2.100,70 m² construídos2 quartos,sul
3.800,130 m² construídos2 quartos,sul
1.869,90 m² construídos2 quartos,sul
2.100,65 m² construídos2 quartos,sul
2.500,123 m² construídos2 quartos,sul
5.800,86 m² construídos2 quartos,sul
4.920,143 m² construídos3 quartos,sul
2.200,55 m² construídos2 quartos,sul
2.000,55 m² construídos2 quartos,sul
4.500,60 m² construídos2 quartos,sul
3.145,90 m² construídos2 quartos,sul
2.296,70 m² construídos2 quartos,sul
2.415,90 m² construídos3 quartos,sul
3.300,50 m² construídos1 quarto,sul
2.891,42 m² construídos1 quarto,sul
1.000,59 m² construídos3 quartos,sul
2.200,63 m² construídos2 quartos,sul
2.100,75 m² construídos3 quartos,sul
4.350,210 m² construídos3 quartos,sul
2.500,78 m² construídos3 quartos,sul
2.300,150 m² construídos3 quartos,sul
4.800,104 m² construídos3 quartos,sul
3.100,35 m² construídos1 quarto,sul
9.000,164 m² construídos3 quartos,sul
1.800,69 m² construídos3 quartos,sul
10.000,180 m² construídos3 quartos,sul
3.000,49 m² construídos1 quarto,sul
3.000,50 m² construídos1 quarto,sul
6.500,107 m² construídos2 quartos,sul
1.800,26 m² construídos1 quarto,sul
5.050,78 m² construídos1 quarto,sul
1.200,50 m² construídos2 quartos,sul
2.500,40 m² construídos1 quarto,sul
2.900,56 m² construídos2 quartos,sul
1.700,70 m² construídos2 quartos,sul
6.500,100 m² construídos2 quartos,sul
1.200,50 m² construídos2 quartos,sul
5.000,46 m² construídos1 quarto,sul
2.900,52 m² construídos2 quartos,sul
4.300,70 m² construídos2 quartos,sul
2.720,70 m² construídos3 quartos,sul
1.300,40 m² construídos2 quartos,sul
2.900,33 m² construídos1 quarto,sul
3.500,28 m² construídos1 quarto,sul
3.100,51 m² construídos1 quarto,sul
2.900,40 m² construídos1 quarto,sul
3.150,80 m² construídos3 quartos,sul
2.100,50 m² construídos1 quarto,sul
1.981,30 m² construídos1 quarto,sul
4.267,45 m² construídos1 quarto,sul
2.520,82 m² construídos3 quartos,sul
2.425,57 m² construídos2 quartos,sul
1.400,47 m² construídos2 quartos,sul
2.200,39 m² construídos1 quarto,sul
2.248,37 m² construídos1 quarto,sul
2.177,31 m² construídos1 quarto,sul
2.600,50 m² construídos1 quarto,sul
2.050,45 m² construídos1 quarto,sul
2.000,51 m² construídos1 quarto,sul
2.650,31 m² construídos1 quarto,sul
2.585,58 m² construídos2 quartos,sul
3.000,77 m² construídos2 quartos,sul
1.400,32 m² construídos1 quarto,sul
2.295,35 m² construídos1 quarto,sul
3.060,96 m² construídos3 quartos,sul
4.950,70 m² construídos2 quartos,sul
3.700,83 m² construídos3 quartos,sul
2.500,38 m² construídos2 quartos,sul
2.000,52 m² construídos2 quartos,sul
1.900,37 m² construídos1 quarto,sul
2.500,67 m² construídos2 quartos,sul
5.300,112 m² construídos3 quartos,sul
3.800,67 m² construídos2 quartos,sul
4.500,90 m² construídos1 quarto,sul
2.700,77 m² construídos3 quartos,sul
2.100,80 m² construídos2 quartos,sul
2.478,47 m² construídos1 quarto,sul
2.100,60 m² construídos1 quarto,sul
4.950,100 m² construídos3 quartos,sul
7.300,105 m² construídos3 quartos,sul
2.600,45 m² construídos1 quarto,sul
3.700,136 m² construídos2 quartos,sul
5.232,114 m² construídos2 quartos,sul
3.000,45 m² construídos1 quarto,sul
3.500,101 m² construídos1 quarto,sul
2.577,49 m² construídos1 quarto,sul
7.000,160 m² construídos2 quartos,sul
4.350,96 m² construídos3 quartos,sul
4.520,110 m² construídos3 quartos,sul
1.600,36 m² construídos1 quarto,sul
3.020,38 m² construídos1 quarto,sul
1.400,71 m² construídos2 quartos,sul
2.000,45 m² construídos2 quartos,sul
2.261,198 m² construídos3 quartos,norte
1.580,54 m² construídos2 quartos,norte
890,30 m² construídos1 quarto,norte
1.250,60 m² construídos2 quartos,norte
2.200,70 m² construídos2 quartos,norte
2.400,140 m² construídos2 quartos,norte
1.500,57 m² construídos2 quartos,norte
1.000,40 m² construídos1 quarto,norte
1.500,55 m² construídos2 quartos,norte
1.868,83 m² construídos3 quartos,norte
1.000,40 m² construídos1 quarto,norte
1.650,50 m² construídos2 quartos,norte
4.500,125 m² construídos2 quartos,norte
1.840,55 m² construídos2 quartos,norte
1.000,60 m² construídos1 quarto,norte
1.600,41 m² construídos2 quartos,norte
1.200,50 m² construídos2 quartos,norte
2.400,65 m² construídos2 quartos,norte
1.500,59 m² construídos2 quartos,norte
2.650,95 m² construídos2 quartos,norte
1.400,54 m² construídos2 quartos,norte
1.050,37 m² construídos1 quarto,norte
1.500,45 m² construídos2 quartos,norte
1.488,57 m² construídos1 quarto,norte
2.030,67 m² construídos2 quartos,norte
1.615,75 m² construídos2 quartos,norte
1.417,67 m² construídos2 quartos,norte
1.530,79 m² construídos2 quartos,norte
1.990,160 m² construídos3 quartos,norte
7.000,375 m² construídos3 quartos,norte
1.500,34 m² construídos1 quarto,norte
1.300,70 m² construídos2 quartos,norte
1.522,62 m² construídos2 quartos,norte
1.500,45 m² construídos1 quarto,norte
2.200,100 m² construídos2 quartos,norte
1.627,60 m² construídos2 quartos,norte
1.268,58 m² construídos2 quartos,norte
1.944,100 m² construídos2 quartos,norte
2.750,100 m² construídos2 quartos,norte
1.900,35 m² construídos1 quarto,norte
970,35 m² construídos1 quarto,norte
2.600,50 m² construídos1 quarto,norte
1.430,53 m² construídos2 quartos,norte
1.200,47 m² construídos2 quartos,norte
1.350,44 m² construídos2 quartos,norte
1.500,31 m² construídos1 quarto,norte
1.823,65 m² construídos2 quartos,norte
1.718,72 m² construídos3 quartos,norte
1.400,51 m² construídos2 quartos,norte
1.100,58 m² construídos1 quarto,norte
1.400,51 m² construídos2 quartos,norte
1.100,58 m² construídos1 quarto,norte
1.344,68 m² construídos1 quarto,norte
550,36 m² construídos1 quarto,norte
1.690,33 m² construídos1 quarto,norte
1.250,21 m² construídos1 quarto,norte
1.450,100 m² construídos2 quartos,norte
2.200,85 m² construídos2 quartos,norte
1.550,40 m² construídos1 quarto,norte
1.500,50 m² construídos2 quartos,norte
2.200,54 m² construídos2 quartos,norte
2.500,42 m² construídos1 quarto,norte
2.600,65 m² construídos2 quartos,norte
1.800,34 m² construídos2 quartos,norte
2.000,114 m² construídos3 quartos,norte
1.100,68 m² construídos2 quartos,norte
1.500,72 m² construídos2 quartos,norte
1.310,60 m² construídos2 quartos,norte
1.079,40 m² construídos2 quartos,norte
1.200,60 m² construídos2 quartos,norte
880,18 m² construídos1 quarto,norte
1.822,64 m² construídos3 quartos,norte
4.500,86 m² construídos3 quartos,norte
2.500,92 m² construídos2 quartos,norte
2.200,64 m² construídos1 quarto,norte
2.400,94 m² construídos3 quartos,norte
4.015,227 m² construídos3 quartos,norte
1.900,90 m² construídos2 quartos,norte
3.183,170 m² construídos3 quartos,norte
1.100,50 m² construídos2 quartos,norte
2.200,63 m² construídos3 quartos,norte
3.800,144 m² construídos3 quartos,norte
2.800,144 m² construídos3 quartos,norte
1.500,100 m² construídos2 quartos,norte
3.000,60 m² construídos2 quartos,norte
2.102,77 m² construídos2 quartos,norte
1.426,45 m² construídos1 quarto,norte
1.200,55 m² construídos2 quartos,norte
1.200,38 m² construídos1 quarto,norte
2.000,50 m² construídos2 quartos,norte
4.000,120 m² construídos3 quartos,norte
2.350,250 m² construídos3 quartos,norte
6.000,310 m² construídos3 quartos,norte
1.531,64 m² construídos2 quartos,norte
1.700,52 m² construídos2 quartos,norte
1.600,30 m² construídos1 quarto,norte
3.100,57 m² construídos2 quartos,norte
2.292,67 m² construídos2 quartos,norte
1.500,43 m² construídos2 quartos,norte
2.600,120 m² construídos3 quartos,norte
4.200,120 m² construídos3 quartos,norte
1.400,50 m² construídos2 quartos,norte
5.220,450 m² construídos3 quartos,norte
1.300,67 m² construídos2 quartos,norte
875,30 m² construídos1 quarto,norte
1.910,27 m² construídos1 quarto,norte
2.100,46 m² construídos1 quarto,norte
2.000,58 m² construídos2 quartos,norte
1.450,60 m² construídos2 quartos,norte
1.400,73 m² construídos2 quartos,norte
1.500,47 m² construídos1 quarto,norte
2.200,54 m² construídos2 quartos,norte
1.000,80 m² construídos1 quarto,norte
1.052,35 m² construídos1 quarto,norte
1.600,60 m² construídos2 quartos,norte
1.300,46 m² construídos1 quarto,norte
900,40 m² construídos1 quarto,norte
903,24 m² construídos1 quarto,norte
1.718,60 m² construídos1 quarto,norte
1.600,49 m² construídos2 quartos,norte
1.200,55 m² construídos2 quartos,norte
990,36 m² construídos1 quarto,norte
2.300,65 m² construídos2 quartos,norte
840,26 m² construídos1 quarto,norte
1.100,40 m² construídos1 quarto,norte
1.250,54 m² construídos1 quarto,norte
800,45 m² construídos1 quarto,norte
980,40 m² construídos1 quarto,norte
1.650,40 m² construídos2 quartos,norte
2.150,77 m² construídos3 quartos,norte
1.196,50 m² construídos2 quartos,norte
1.517,53 m² construídos2 quartos,norte
2.300,64 m² construídos2 quartos,norte
1.500,43 m² construídos2 quartos,norte
1.700,62 m² construídos2 quartos,norte
3.365,52 m² construídos1 quarto,norte
4.400,153 m² construídos3 quartos,norte
1.290,39 m² construídos1 quarto,norte
784,28 m² construídos1 quarto,norte
1.142,50 m² construídos2 quartos,norte
500,50 m² construídos1 quarto,norte
2.000,75 m² construídos3 quartos,norte
850,45 m² construídos1 quarto,norte
1.299,47 m² construídos2 quartos,norte
1.199,52 m² construídos2 quartos,norte
850,45 m² construídos1 quarto,norte
1.000,45 m² construídos1 quarto,norte
1.490,70 m² construídos2 quartos,norte
1.000,45 m² construídos1 quarto,norte
1.490,70 m² construídos2 quartos,norte
850,45 m² construídos1 quarto,norte
850,45 m² construídos1 quarto,norte
2.000,48 m² construídos1 quarto,norte
1.200,69 m² construídos2 quartos,norte
2.000,43 m² construídos1 quarto,norte
1.600,62 m² construídos2 quartos,norte
870,30 m² construídos1 quarto,norte
990,74 m² construídos2 quartos,norte
660,15 m² construídos1 quarto,norte
179.999,53 m² construídos2 quartos,norte
975,73 m² construídos2 quartos,norte
900,40 m² construídos1 quarto,norte
700,40 m² construídos1 quarto,norte
1.220,40 m² construídos1 quarto,norte
870,75 m² construídos1 quarto,norte
1.596,64 m² construídos2 quartos,norte
1.180,53 m² construídos2 quartos,norte
1.315,60 m² construídos2 quartos,norte
913,30 m² construídos1 quarto,norte
1.450,105 m² construídos2 quartos,norte
900,32 m² construídos1 quarto,norte
1.700,90 m² construídos3 quartos,norte
1.200,52 m² construídos2 quartos,norte
1.250,72 m² construídos2 quartos,norte
1.163,43 m² construídos2 quartos,norte
1.400,50 m² construídos2 quartos,norte
1.650,100 m² construídos2 quartos,norte
1.860,60 m² construídos2 quartos,norte
1.615,77 m² construídos3 quartos,norte
1.448,80 m² construídos2 quartos,norte
1.908,45 m² construídos1 quarto,norte
1.390,60 m² construídos1 quarto,norte
1.588,50 m² construídos2 quartos,norte
820,25 m² construídos1 quarto,norte
1.480,40 m² construídos1 quarto,norte
950,27 m² construídos1 quarto,norte
1.250,50 m² construídos2 quartos,norte
770,40 m² construídos1 quarto,norte
982,56 m² construídos2 quartos,norte
1.630,90 m² construídos2 quartos,norte
700,48 m² construídos1 quarto,norte
1.500,58 m² construídos2 quartos,norte
1.739,60 m² construídos2 quartos,norte
1.412,95 m² construídos2 quartos,norte
1.478,70 m² construídos2 quartos,norte
1.302,50 m² construídos2 quartos,norte
1.000,59 m² construídos1 quarto,norte
1.670,50 m² construídos2 quartos,norte
1.000,59 m² construídos1 quarto,norte
1.670,50 m² construídos2 quartos,norte
1.000,48 m² construídos1 quarto,norte
2.000,137 m² construídos2 quartos,norte
1.718,47 m² construídos2 quartos,norte
1.300,70 m² construídos2 quartos,norte
1.800,60 m² construídos2 quartos,norte
680,40 m² construídos1 quarto,norte
1.365,40 m² construídos2 quartos,norte
3.046,98 m² construídos3 quartos,norte
1.300,100 m² construídos2 quartos,norte
1.200,54 m² construídos2 quartos,norte
1.514,23 m² construídos1 quarto,norte
1.700,55 m² construídos2 quartos,norte
1.300,50 m² construídos2 quartos,norte
4.100,120 m² construídos2 quartos,norte
1.800,85 m² construídos2 quartos,norte
1.700,40 m² construídos1 quarto,norte
1.203,70 m² construídos1 quarto,norte
900,40 m² construídos1 quarto,norte
951,60 m² construídos1 quarto,norte
1.480,80 m² construídos2 quartos,norte
1.360,73 m² construídos2 quartos,norte
600,45 m² construídos1 quarto,norte
3.400,135 m² construídos3 quartos,norte
1.990,53 m² construídos2 quartos,norte
1.100,50 m² construídos2 quartos,norte
1.900,131 m² construídos3 quartos,norte
1.631,62 m² construídos2 quartos,norte
2.029,70 m² construídos3 quartos,norte
1.375,80 m² construídos3 quartos,norte
1.065,35 m² construídos1 quarto,norte
950,30 m² construídos1 quarto,norte
1.200,58 m² construídos2 quartos,norte
1.000,60 m² construídos1 quarto,norte
850,50 m² construídos1 quarto,norte
1.600,52 m² construídos2 quartos,norte
1.684,60 m² construídos2 quartos,norte
3.150,180 m² construídos4 quartos,norte
3.400,135 m² construídos3 quartos,norte
1.358,60 m² construídos2 quartos,norte
1.700,53 m² construídos2 quartos,norte
2.250,63 m² construídos2 quartos,norte
1.450,68 m² construídos2 quartos,norte
1.500,46 m² construídos2 quartos,norte
1.900,60 m² construídos3 quartos,norte
1.450,64 m² construídos2 quartos,norte
2.500,200 m² construídos2 quartos,norte
3.500,186 m² construídos2 quartos,norte
1.500,60 m² construídos2 quartos,norte
1.800,58 m² construídos2 quartos,norte
3.489,212 m² construídos4 quartos,norte
1.990,50 m² construídos2 quartos,norte
2.604,108 m² construídos3 quartos,norte
1.287,40 m² construídos2 quartos,norte
1.200,60 m² construídos1 quarto,norte
2.193,120 m² construídos2 quartos,norte
1.700,83 m² construídos3 quartos,norte
2.111,100 m² construídos3 quartos,norte
1.800,81 m² construídos3 quartos,norte
2.897,130 m² construídos3 quartos,norte
2.500,125 m² construídos2 quartos,norte
1.981,65 m² construídos2 quartos,norte
1.550,46 m² construídos1 quarto,norte
1.500,75 m² construídos2 quartos,norte
1.950,110 m² construídos3 quartos,norte
1.352,45 m² construídos2 quartos,norte
4.609,400 m² construídos5 quartos,norte
1.300,45 m² construídos2 quartos,norte
4.000,150 m² construídos4 quartos,norte
950,54 m² construídos1 quarto,norte
2.300,65 m² construídos2 quartos,norte
1.950,58 m² construídos2 quartos,norte
1.250,48 m² construídos2 quartos,norte
1.380,60 m² construídos2 quartos,norte
1.350,53 m² construídos2 quartos,norte
1.751,58 m² construídos2 quartos,norte
1.250,31 m² construídos1 quarto,norte
1.413,100 m² construídos2 quartos,norte
1.700,60 m² construídos2 quartos,norte
2.115,70 m² construídos1 quarto,norte
1.400,50 m² construídos2 quartos,norte
1.100,50 m² construídos2 quartos,norte
1.495,90 m² construídos1 quarto,norte
2.000,60 m² construídos2 quartos,norte
1.700,85 m² construídos3 quartos,norte
3.390,230 m² construídos3 quartos,norte
1.250,53 m² construídos2 quartos,norte
3.000,138 m² construídos3 quartos,norte
1.500,50 m² construídos2 quartos,norte
1.950,74 m² construídos3 quartos,norte
1.800,40 m² construídos1 quarto,norte
2.500,89 m² construídos3 quartos,norte
3.000,160 m² construídos2 quartos,norte
2.500,66 m² construídos3 quartos,norte
930,75 m² construídos1 quarto,norte
1.400,58 m² construídos2 quartos,norte
2.300,250 m² construídos2 quartos,norte
1.000,50 m² construídos2 quartos,leste
1.900,44 m² construídos2 quartos,leste
2.134,90 m² construídos3 quartos,leste
1.700,95 m² construídos2 quartos,leste
850,31 m² construídos1 quarto,leste
1.300,50 m² construídos1 quarto,leste
700,28 m² construídos1 quarto,leste
1.800,48 m² construídos2 quartos,leste
550,24 m² construídos1 quarto,leste
800,48 m² construídos2 quartos,leste
1.050,38 m² construídos2 quartos,leste
900,30 m² construídos2 quartos,leste
1.509,70 m² construídos2 quartos,leste
1.500,60 m² construídos2 quartos,leste
1.000,52 m² construídos2 quartos,leste
1.400,24 m² construídos1 quarto,leste
1.090,47 m² construídos2 quartos,leste
2.000,120 m² construídos2 quartos,leste
2.625,112 m² construídos3 quartos,leste
900,50 m² construídos1 quarto,leste
1.200,54 m² construídos2 quartos,leste
1.600,55 m² construídos2 quartos,leste
1.000,50 m² construídos1 quarto,leste
1.950,150 m² construídos3 quartos,leste
1.000,60 m² construídos2 quartos,leste
770,24 m² construídos1 quarto,leste
1.300,47 m² construídos2 quartos,leste
850,45 m² construídos1 quarto,leste
650,32 m² construídos1 quarto,leste
1.800,40 m² construídos2 quartos,leste
820,29 m² construídos1 quarto,leste
800,44 m² construídos2 quartos,leste
1.350,100 m² construídos2 quartos,leste
1.250,48 m² construídos2 quartos,leste
1.300,50 m² construídos2 quartos,leste
1.500,112 m² construídos2 quartos,leste
5.650,117 m² construídos3 quartos,leste
6.000,147 m² construídos2 quartos,leste
1.550,52 m² construídos2 quartos,leste
4.000,300 m² construídos3 quartos,leste
7.400,115 m² construídos2 quartos,leste
2.000,125 m² construídos3 quartos,leste
1.200,50 m² construídos1 quarto,leste
1.450,75 m² construídos2 quartos,leste
800,35 m² construídos1 quarto,leste
900,40 m² construídos2 quartos,leste
1.899,55 m² construídos2 quartos,leste
2.800,52 m² construídos1 quarto,leste
1.300,40 m² construídos2 quartos,leste
1.750,150 m² construídos2 quartos,leste
1.400,30 m² construídos2 quartos,leste
2.000,56 m² construídos2 quartos,leste
1.200,50 m² construídos2 quartos,leste
1.500,35 m² construídos1 quarto,leste
3.060,68 m² construídos3 quartos,leste
1.000,60 m² construídos2 quartos,leste
1.099,80 m² construídos1 quarto,leste
2.000,50 m² construídos2 quartos,leste
2.700,40 m² construídos1 quarto,leste
3.000,170 m² construídos2 quartos,leste
1.300,38 m² construídos1 quarto,leste
1.150,30 m² construídos1 quarto,leste
6.000,390 m² construídos3 quartos,leste
3.300,163 m² construídos3 quartos,leste
2.480,70 m² construídos2 quartos,leste
1.500,39 m² construídos1 quarto,leste
1.672,60 m² construídos1 quarto,leste
1.400,63 m² construídos2 quartos,leste
1.600,90 m² construídos2 quartos,leste
2.000,108 m² construídos3 quartos,leste
1.500,80 m² construídos3 quartos,leste
1.313,80 m² construídos2 quartos,leste
820,48 m² construídos2 quartos,leste
1.200,60 m² construídos2 quartos,leste
1.400,40 m² construídos1 quarto,leste
1.300,41 m² construídos2 quartos,leste
3.200,270 m² construídos3 quartos,leste
3.960,140 m² construídos2 quartos,leste
1.250,50 m² construídos2 quartos,leste
950,100 m² construídos2 quartos,leste
2.800,130 m² construídos3 quartos,leste
2.800,200 m² construídos3 quartos,leste
1.700,80 m² construídos2 quartos,leste
880,20 m² construídos1 quarto,leste
3.340,125 m² construídos3 quartos,leste
1.650,58 m² construídos2 quartos,leste
1.690,50 m² construídos2 quartos,leste
2.000,50 m² construídos2 quartos,leste
2.100,120 m² construídos3 quartos,leste
1.700,44 m² construídos2 quartos,leste
1.300,120 m² construídos2 quartos,leste
4.300,102 m² construídos2 quartos,leste
1.600,50 m² construídos2 quartos,leste
1.600,45 m² construídos2 quartos,leste
2.250,58 m² construídos2 quartos,leste
1.600,60 m² construídos2 quartos,leste
1.500,80 m² construídos3 quartos,leste
1.500,50 m² construídos2 quartos,leste
1.450,47 m² construídos2 quartos,leste
1.500,50 m² construídos2 quartos,leste
1.250,75 m² construídos2 quartos,leste
1.080,60 m² construídos1 quarto,leste
1.750,35 m² construídos1 quarto,leste
1.250,50 m² construídos1 quarto,leste
3.500,63 m² construídos2 quartos,leste
4.000,87 m² construídos3 quartos,leste
6.000,170 m² construídos3 quartos,leste
10.850,150 m² construídos3 quartos,leste
600,35 m² construídos1 quarto,leste
2.700,65 m² construídos2 quartos,leste
1.100,48 m² construídos2 quartos,leste
1.100,54 m² construídos2 quartos,leste
2.500,120 m² construídos3 quartos,leste
1.187,56 m² construídos3 quartos,leste
950,40 m² construídos1 quarto,leste
1.800,76 m² construídos3 quartos,leste
2.200,121 m² construídos2 quartos,leste
1.650,90 m² construídos1 quarto,leste
1.800,80 m² construídos2 quartos,leste
1.300,70 m² construídos2 quartos,leste
1.480,42 m² construídos2 quartos,leste
1.500,85 m² construídos3 quartos,leste
1.100,64 m² construídos2 quartos,leste
1.600,80 m² construídos2 quartos,leste
3.000,78 m² construídos3 quartos,leste
2.022,120 m² construídos3 quartos,leste
2.090,94 m² construídos3 quartos,leste
1.350,48 m² construídos2 quartos,leste
1.350,65 m² construídos2 quartos,leste
2.400,61 m² construídos3 quartos,leste
1.200,50 m² construídos2 quartos,leste
1.100,54 m² construídos2 quartos,leste
1.300,60 m² construídos1 quarto,leste
1.890,25 m² construídos1 quarto,leste
2.000,62 m² construídos2 quartos,leste
2.502,68 m² construídos2 quartos,leste
1.300,32 m² construídos1 quarto,leste
1.650,50 m² construídos1 quarto,leste
4.360,105 m² construídos3 quartos,leste
3.800,130 m² construídos2 quartos,leste
4.750,75 m² construídos2 quartos,leste
7.200,380 m² construídos3 quartos,leste
1.300,48 m² construídos1 quarto,leste
1.700,58 m² construídos2 quartos,leste
2.100,52 m² construídos2 quartos,leste
1.300,45 m² construídos1 quarto,leste
2.100,52 m² construídos2 quartos,leste
1.300,45 m² construídos1 quarto,leste
1.700,34 m² construídos2 quartos,leste
1.700,65 m² construídos2 quartos,leste
2.200,85 m² construídos2 quartos,leste
1.250,60 m² construídos3 quartos,leste
1.150,45 m² construídos2 quartos,leste
2.100,60 m² construídos2 quartos,leste
980,40 m² construídos2 quartos,leste
1.100,53 m² construídos2 quartos,leste
990,20 m² construídos1 quarto,leste
1.729,50 m² construídos2 quartos,leste
1.659,63 m² construídos3 quartos,leste
1.750,70 m² construídos2 quartos,leste
1.150,38 m² construídos1 quarto,leste
2.200,26 m² construídos1 quarto,leste
1.550,60 m² construídos2 quartos,leste
1.200,46 m² construídos2 quartos,leste
1.542,130 m² construídos2 quartos,leste
2.497,61 m² construídos2 quartos,leste
3.000,130 m² construídos2 quartos,leste
2.500,150 m² construídos3 quartos,leste
2.500,164 m² construídos3 quartos,leste
3.000,40 m² construídos1 quarto,leste
749,35 m² construídos1 quarto,leste
1.800,100 m² construídos2 quartos,leste
1.800,60 m² construídos3 quartos,leste
2.300,55 m² construídos2 quartos,leste
1.900,60 m² construídos2 quartos,leste
1.400,32 m² construídos1 quarto,leste
1.635,64 m² construídos2 quartos,leste
1.600,53 m² construídos2 quartos,leste
2.100,60 m² construídos2 quartos,leste
1.300,70 m² construídos1 quarto,leste
1.280,34 m² construídos1 quarto,leste
3.200,250 m² construídos3 quartos,leste
2.800,52 m² construídos2 quartos,leste
1.200,41 m² construídos2 quartos,leste
3.800,146 m² construídos3 quartos,leste
1.650,75 m² construídos1 quarto,leste
1.150,32 m² construídos1 quarto,leste
1.980,48 m² construídos2 quartos,leste
1.200,41 m² construídos2 quartos,leste
1.150,32 m² construídos1 quarto,leste
3.500,125 m² construídos3 quartos,leste
1.600,34 m² construídos2 quartos,leste
1.150,32 m² construídos1 quarto,leste
3.200,56 m² construídos2 quartos,leste
1.150,32 m² construídos1 quarto,leste
1.150,32 m² construídos1 quarto,leste
1.150,32 m² construídos1 quarto,leste
1.150,32 m² construídos1 quarto,leste
1.650,60 m² construídos2 quartos,leste
1.150,32 m² construídos1 quarto,leste
1.150,32 m² construídos1 quarto,leste
2.050,45 m² construídos2 quartos,leste
2.300,130 m² construídos2 quartos,leste
1.150,36 m² construídos1 quarto,leste
2.050,45 m² construídos2 quartos,leste
1.790,24 m² construídos1 quarto,leste
2.310,70 m² construídos2 quartos,leste
2.000,53 m² construídos2 quartos,leste
2.000,50 m² construídos2 quartos,leste
2.000,52 m² construídos2 quartos,leste
1.254,50 m² construídos2 quartos,leste
2.358,93 m² construídos3 quartos,leste
1.500,50 m² construídos2 quartos,leste
4.340,76 m² construídos2 quartos,leste
1.200,25 m² construídos1 quarto,leste
1.500,50 m² construídos2 quartos,leste
1.536,50 m² construídos2 quartos,leste
1.500,50 m² construídos2 quartos,leste
1.500,50 m² construídos2 quartos,leste
1.050,30 m² construídos1 quarto,leste
2.400,35 m² construídos1 quarto,leste
1.400,45 m² construídos2 quartos,leste
1.500,50 m² construídos2 quartos,leste
1.500,50 m² construídos2 quartos,leste
1.600,24 m² construídos1 quarto,leste
1.200,44 m² construídos2 quartos,leste
1.500,50 m² construídos2 quartos,leste
1.700,70 m² construídos2 quartos,leste
1.500,50 m² construídos2 quartos,leste
1.500,50 m² construídos2 quartos,leste
2.543,50 m² construídos1 quarto,leste
2.400,130 m² construídos3 quartos,leste
873,70 m² construídos1 quarto,leste
1.250,75 m² construídos2 quartos,leste
773,60 m² construídos1 quarto,leste
1.210,55 m² construídos2 quartos,leste
1.500,24 m² construídos1 quarto,leste
910,35 m² construídos1 quarto,leste
854,20 m² construídos1 quarto,leste
1.800,62 m² construídos2 quartos,leste
1.200,64 m² construídos1 quarto,leste
1.080,57 m² construídos1 quarto,leste
1.000,50 m² construídos1 quarto,leste
950,40 m² construídos2 quartos,leste
1.000,50 m² construídos1 quarto,leste
950,40 m² construídos2 quartos,leste
1.000,50 m² construídos2 quartos,leste
1.250,57 m² construídos2 quartos,leste
1.745,45 m² construídos1 quarto,leste
991,49 m² construídos2 quartos,leste
1.350,65 m² construídos2 quartos,leste
1.799,63 m² construídos3 quartos,leste
850,38 m² construídos1 quarto,leste
1.823,64 m² construídos2 quartos,leste
3.650,97 m² construídos3 quartos,leste
1.800,70 m² construídos3 quartos,leste
1.127,47 m² construídos2 quartos,leste
900,47 m² construídos2 quartos,leste
5.926,90 m² construídos2 quartos,leste
2.390,180 m² construídos2 quartos,leste
2.200,38 m² construídos1 quarto,leste
2.400,56 m² construídos2 quartos,leste
1.031,60 m² construídos2 quartos,leste
3.700,55 m² construídos1 quarto,leste
2.200,127 m² construídos2 quartos,leste
1.350,50 m² construídos2 quartos,leste
7.950,330 m² construídos4 quartos,leste
4.500,130 m² construídos2 quartos,leste
730,22 m² construídos1 quarto,leste
1.400,60 m² construídos3 quartos,leste
850,44 m² construídos2 quartos,leste
950,58 m² construídos2 quartos,leste
901,50 m² totais2 quartos,leste
550,45 m² construídos2 quartos,leste
1.100,28 m² construídos1 quarto,leste
1.500,50 m² construídos2 quartos,leste
1.400,68 m² construídos3 quartos,leste
1.200,56 m² construídos2 quartos,leste
1.100,50 m² construídos2 quartos,leste
2.100,60 m² construídos3 quartos,leste
850,38 m² construídos2 quartos,leste
1.600,60 m² construídos2 quartos,leste
1.650,65 m² construídos3 quartos,leste
3.000,74 m² construídos2 quartos,leste
1.200,46 m² construídos2 quartos,leste
1.200,48 m² construídos2 quartos,leste
2.900,80 m² construídos2 quartos,leste
1.400,60 m² construídos3 quartos,leste
1.070,49 m² construídos2 quartos,leste
1.550,65 m² construídos2 quartos,leste
811,45 m² totais2 quartos,leste
2.000,68 m² construídos3 quartos,leste
1.000,50 m² construídos2 quartos,oeste
4.500,110 m² construídos3 quartos,oeste
4.500,130 m² construídos3 quartos,oeste
4.500,200 m² construídos3 quartos,oeste
4.500,52 m² construídos1 quarto,oeste
750,40 m² construídos1 quarto,oeste
1.600,50 m² construídos2 quartos,oeste
2.500,220 m² construídos3 quartos,oeste
1.600,52 m² construídos2 quartos,oeste
1.540,49 m² construídos2 quartos,oeste
1.565,60 m² construídos2 quartos,oeste
5.500,80 m² construídos1 quarto,oeste
1.417,52 m² construídos2 quartos,oeste
1.743,35 m² construídos2 quartos,oeste
15.000,201 m² construídos2 quartos,oeste
3.000,135 m² construídos3 quartos,oeste
1.700,52 m² construídos1 quarto,oeste
7.000,160 m² construídos3 quartos,oeste
3.800,44 m² construídos1 quarto,oeste
1.800,139 m² construídos3 quartos,oeste
3.140,75 m² construídos3 quartos,oeste
2.000,315 m² construídos3 quartos,oeste
2.200,124 m² construídos3 quartos,oeste
3.607,48 m² construídos1 quarto,oeste
3.300,46 m² construídos1 quarto,oeste
2.823,140 m² construídos3 quartos,oeste
1.420,75 m² construídos2 quartos,oeste
2.100,45 m² construídos1 quarto,oeste
1.750,45 m² construídos1 quarto,oeste
2.000,30 m² construídos1 quarto,oeste
3.500,70 m² construídos1 quarto,oeste
1.800,45 m² construídos2 quartos,oeste
1.900,63 m² construídos3 quartos,oeste
2.200,48 m² construídos1 quarto,oeste
2.154,67 m² construídos2 quartos,oeste
1.700,57 m² construídos2 quartos,oeste
2.500,60 m² construídos2 quartos,oeste
2.300,29 m² construídos1 quarto,oeste
3.900,120 m² construídos3 quartos,oeste
2.500,40 m² construídos1 quarto,oeste
1.000,20 m² construídos1 quarto,oeste
12.000,220 m² construídos3 quartos,oeste
1.500,50 m² construídos2 quartos,oeste
2.200,53 m² construídos2 quartos,oeste
3.000,85 m² construídos2 quartos,oeste
3.700,55 m² construídos2 quartos,oeste
4.651,100 m² construídos3 quartos,oeste
1.900,96 m² construídos1 quarto,oeste
1.120,40 m² construídos1 quarto,oeste
3.000,145 m² construídos2 quartos,oeste
2.000,88 m² construídos2 quartos,oeste
9.200,150 m² construídos2 quartos,oeste
2.022,65 m² construídos2 quartos,oeste
3.090,98 m² construídos3 quartos,oeste
3.000,68 m² construídos3 quartos,oeste
3.700,120 m² construídos3 quartos,oeste
1.850,30 m² construídos1 quarto,oeste
1.628,62 m² construídos1 quarto,oeste
1.850,84 m² construídos3 quartos,oeste
2.490,48 m² construídos1 quarto,oeste
2.000,31 m² construídos1 quarto,oeste
1.000,135 m² construídos3 quartos,oeste
4.500,183 m² construídos3 quartos,oeste
2.500,37 m² construídos1 quarto,oeste
800,450 m² construídos6 quartos,oeste
2.900,200 m² construídos4 quartos,oeste
2.862,107 m² construídos2 quartos,oeste
2.550,62 m² construídos1 quarto,oeste
2.500,53 m² construídos2 quartos,oeste
1.750,40 m² construídos1 quarto,oeste
3.048,75 m² construídos2 quartos,oeste
2.147,35 m² construídos1 quarto,oeste
2.200,80 m² construídos2 quartos,oeste
2.850,87 m² construídos2 quartos,oeste
2.000,25 m² construídos1 quarto,oeste
14.500,166 m² construídos3 quartos,oeste
2.472,79 m² construídos2 quartos,oeste
2.500,182 m² construídos3 quartos,oeste
750,35 m² construídos1 quarto,oeste
6.200,176 m² construídos3 quartos,oeste
3.700,70 m² construídos2 quartos,oeste
3.360,33 m² construídos1 quarto,oeste
1.575,56 m² construídos2 quartos,oeste
1.359,60 m² construídos2 quartos,oeste
934,35 m² construídos1 quarto,oeste
2.256,52 m² construídos2 quartos,oeste
1.700,35 m² construídos2 quartos,oeste
2.800,35 m² construídos1 quarto,oeste
2.250,30 m² construídos1 quarto,oeste
3.000,169 m² construídos3 quartos,oeste
11.920,160 m² construídos2 quartos,oeste
5.500,140 m² construídos2 quartos,oeste
2.800,43 m² construídos1 quarto,oeste
3.500,125 m² construídos3 quartos,oeste
7.000,70 m² construídos3 quartos,oeste
4.600,99 m² construídos3 quartos,oeste
1.500,50 m² construídos1 quarto,oeste
4.000,170 m² construídos3 quartos,oeste
1.950,35 m² construídos1 quarto,oeste
3.000,73 m² construídos2 quartos,oeste
2.000,32 m² construídos1 quarto,oeste
2.500,82 m² construídos2 quartos,oeste
3.000,61 m² construídos2 quartos,oeste
3.000,57 m² construídos2 quartos,oeste
3.850,200 m² construídos2 quartos,oeste
5.500,70 m² construídos2 quartos,oeste
1.550,50 m² construídos1 quarto,oeste
6.000,88 m² construídos2 quartos,oeste
2.300,62 m² construídos2 quartos,oeste
7.200,130 m² construídos1 quarto,oeste
2.950,145 m² construídos3 quartos,oeste
6.000,70 m² construídos2 quartos,oeste
2.671,131 m² construídos3 quartos,oeste
1.080,23 m² construídos1 quarto,oeste
3.100,100 m² construídos3 quartos,oeste
2.420,85 m² construídos3 quartos,oeste
2.990,60 m² construídos1 quarto,oeste
3.118,163 m² construídos3 quartos,oeste
2.700,120 m² construídos2 quartos,oeste
2.000,65 m² construídos2 quartos,oeste
3.733,63 m² construídos2 quartos,oeste
3.048,85 m² construídos2 quartos,oeste
2.200,37 m² construídos1 quarto,oeste
1.800,65 m² construídos3 quartos,oeste
4.905,92 m² construídos2 quartos,oeste
4.100,93 m² construídos2 quartos,oeste
1.700,67 m² construídos2 quartos,oeste
2.500,60 m² construídos2 quartos,oeste
2.334,48 m² construídos1 quarto,oeste
2.500,66 m² construídos3 quartos,oeste
6.500,120 m² construídos2 quartos,oeste
2.700,50 m² construídos1 quarto,oeste
1.700,49 m² construídos2 quartos,oeste
3.819,97 m² construídos3 quartos,oeste
2.500,130 m² construídos3 quartos,oeste
4.800,102 m² construídos3 quartos,oeste
1.700,80 m² construídos3 quartos,oeste
4.000,118 m² construídos3 quartos,oeste
4.500,160 m² construídos3 quartos,oeste
3.000,72 m² construídos2 quartos,oeste
6.300,40 m² construídos1 quarto,oeste
2.500,30 m² construídos1 quarto,oeste
2.200,51 m² construídos2 quartos,oeste
4.000,74 m² construídos2 quartos,oeste
3.000,98 m² construídos3 quartos,oeste
1.600,31 m² construídos1 quarto,oeste
2.758,79 m² construídos2 quartos,oeste
2.300,50 m² construídos2 quartos,oeste
2.000,54 m² construídos1 quarto,oeste
4.500,110 m² construídos2 quartos,oeste
5.500,40 m² construídos1 quarto,oeste
5.751,113 m² construídos3 quartos,oeste
11.000,100 m² construídos2 quartos,oeste
1.366,50 m² construídos2 quartos,oeste
2.650,75 m² construídos2 quartos,oeste
1.807,31 m² construídos1 quarto,oeste
4.650,65 m² construídos1 quarto,oeste
2.800,60 m² construídos1 quarto,oeste
1.703,75 m² construídos2 quartos,oeste
5.000,110 m² construídos3 quartos,oeste
2.000,31 m² construídos1 quarto,oeste
2.400,43 m² construídos1 quarto,oeste
1.400,26 m² construídos1 quarto,oeste
2.100,72 m² construídos2 quartos,oeste
2.300,75 m² construídos2 quartos,oeste
1.550,41 m² construídos2 quartos,oeste
2.888,35 m² construídos1 quarto,oeste
2.300,28 m² construídos1 quarto,oeste
3.025,64 m² construídos3 quartos,oeste
2.000,50 m² construídos2 quartos,oeste
4.745,115 m² construídos3 quartos,oeste
2.750,64 m² construídos2 quartos,oeste
3.600,69 m² construídos2 quartos,oeste
4.900,50 m² construídos1 quarto,oeste
5.500,101 m² construídos2 quartos,oeste
3.900,37 m² construídos1 quarto,oeste
3.000,90 m² construídos2 quartos,oeste
2.300,50 m² construídos1 quarto,oeste
3.000,42 m² construídos1 quarto,oeste
2.230,85 m² construídos2 quartos,oeste
1.000,70 m² construídos1 quarto,oeste
2.800,58 m² construídos2 quartos,oeste
2.360,68 m² construídos2 quartos,oeste
3.300,57 m² construídos1 quarto,oeste
2.187,35 m² construídos1 quarto,oeste
2.500,60 m² construídos2 quartos,oeste
3.000,112 m² construídos2 quartos,oeste
2.950,63 m² construídos1 quarto,oeste
1.780,80 m² construídos3 quartos,oeste
2.200,71 m² construídos2 quartos,oeste
2.500,112 m² construídos2 quartos,oeste
5.600,190 m² construídos3 quartos,oeste
2.700,85 m² construídos2 quartos,oeste
3.200,56 m² construídos2 quartos,oeste
2.700,85 m² construídos2 quartos,oeste
3.200,56 m² construídos2 quartos,oeste
3.300,103 m² construídos2 quartos,oeste
3.270,80 m² construídos2 quartos,oeste
3.700,150 m² construídos3 quartos,oeste
5.900,85 m² construídos1 quarto,oeste
2.657,70 m² construídos3 quartos,oeste
2.700,154 m² construídos2 quartos,oeste
11.500,105 m² construídos1 quarto,oeste
1.600,20 m² construídos1 quarto,oeste
1.500,37 m² construídos1 quarto,oeste
2.700,38 m² construídos1 quarto,oeste
1.300,80 m² construídos2 quartos,oeste
1.254,25 m² construídos1 quarto,oeste
1.934,55 m² construídos1 quarto,oeste
1.480,20 m² construídos1 quarto,oeste
1.200,25 m² construídos1 quarto,oeste
4.500,40 m² construídos1 quarto,oeste
1.025,13 m² construídos1 quarto,oeste
2.548,80 m² construídos3 quartos,oeste
2.353,69 m² construídos3 quartos,oeste
2.500,114 m² construídos3 quartos,oeste
1.800,48 m² construídos2 quartos,oeste
3.162,70 m² construídos2 quartos,oeste
1.500,176 m² construídos3 quartos,oeste
1.748,59 m² construídos2 quartos,oeste
1.782,62 m² construídos2 quartos,oeste
2.201,52 m² construídos2 quartos,oeste
1.417,31 m² construídos1 quarto,oeste
2.000,35 m² construídos1 quarto,oeste
2.200,30 m² construídos1 quarto,oeste
1.800,70 m² construídos1 quarto,oeste
3.250,102 m² construídos3 quartos,oeste
1.800,64 m² construídos2 quartos,oeste
3.394,69 m² construídos1 quarto,oeste
1.560,52 m² construídos2 quartos,oeste
1.800,53 m² construídos1 quarto,oeste
1.600,70 m² construídos2 quartos,oeste
4.500,220 m² construídos3 quartos,oeste
1.100,90 m² construídos1 quarto,oeste
1.930,55 m² construídos2 quartos,oeste
1.999,75 m² construídos3 quartos,oeste
1.300,60 m² construídos3 quartos,oeste
5.122,47 m² construídos1 quarto,oeste
2.100,76 m² construídos3 quartos,oeste
1.400,50 m² construídos2 quartos,oeste
4.750,83 m² construídos3 quartos,oeste
1.350,42 m² construídos2 quartos,oeste
1.800,46 m² construídos2 quartos,oeste
2.500,50 m² construídos2 quartos,oeste
2.800,62 m² construídos2 quartos,oeste
2.800,96 m² construídos3 quartos,oeste
3.720,31 m² construídos1 quarto,oeste
1.377,60 m² construídos2 quartos,oeste
3.350,72 m² construídos1 quarto,oeste
3.276,35 m² construídos1 quarto,oeste
5.323,105 m² construídos3 quartos,oeste
2.090,58 m² construídos2 quartos,oeste
3.200,37 m² construídos1 quarto,oeste
5.190,90 m² construídos3 quartos,oeste
1.250,42 m² construídos2 quartos,oeste
1.600,55 m² construídos3 quartos,oeste
700,55 m² construídos2 quartos,oeste
1.550,24 m² construídos1 quarto,oeste
4.500,62 m² construídos1 quarto,oeste
4.500,130 m² construídos3 quartos,oeste
4.500,110 m² construídos3 quartos,oeste
3.500,90 m² construídos3 quartos,oeste
2.200,34 m² construídos1 quarto,oeste
1.200,70 m² construídos2 quartos,oeste
1.315,47 m² construídos2 quartos,oeste
1.000,52 m² construídos2 quartos,oeste
4.500,200 m² construídos3 quartos,oeste
820,33 m² construídos1 quarto,oeste
1.386,57 m² construídos2 quartos,oeste
2.050,58 m² construídos3 quartos,oeste
1.000,52 m² construídos2 quartos,oeste
2.750,75 m² construídos3 quartos,oeste
1.100,40 m² construídos1 quarto,oeste
3.050,75 m² construídos3 quartos,oeste
1.321,60 m² construídos1 quarto,oeste
2.140,58 m² construídos3 quartos,oeste
1.150,50 m² construídos2 quartos,oeste
1.050,80 m² construídos2 quartos,oeste
700,30 m² construídos1 quarto,oeste
1.552,75 m² construídos3 quartos,oeste
1.200,49 m² construídos2 quartos,oeste
2.750,65 m² construídos3 quartos,oeste
1.700,60 m² construídos2 quartos,oeste
2.200,100 m² construídos3 quartos,oeste
1.950,46 m² construídos1 quarto,oeste
2.190,27 m² construídos1 quarto,oeste
1.300,67 m² construídos3 quartos,oeste
1.500,40 m² construídos1 quarto,oeste
9.300,186 m² construídos3 quartos,oeste
2.000,70 m² construídos2 quartos,oeste
1.600,50 m² construídos2 quartos,oeste
1.400,50 m² construídos1 quarto,oeste
